Workbook

Sheet Day (1)
A1: S.no | B1: Employee Name | C1: Sign-in | D1: sign-out | E1: Hours done
A2: 1 | E2: =MOD(D2-C2,1) -> 0 | H2: Step 1:click on the cell of sign-in in front of the Employee's name
A3: 2 | E3: =D3-C3 -> 0 | H3: Step 2: Press ctrl+shift+;
A4: 3 | E4: =D4-C4 -> 0 | H4: Strep 2: Do the same at the end of your shift in the Sign-out cell
A5: 4 | E5: =D5-C5 -> 0 | H5: step 3: click on the "Hours Done" cell to finish the entry and see your completed hours for the day
A6: 5 | E6: =D6-C6 -> 0
A7: 6 | E7: =D7-C7 -> 0
A8: 7 | E8: =D8-C8 -> 0 | H8: Note: The Names will be automatically added to All the sheets when they are added to the First Sheet.
A9: 8 | E9: =D9-C9 -> 0 | H9: Everyday will be a new worksheet as numbered. so, 2nd of may will be Second sheet in the workbook
A10: 9 | E10: =D10-C10 -> 0 | H10: So that makes every month a new workbook.
A11: 10 | E11: =D11-C11 -> 0
A12: 11 | E12: =D12-C12 -> 0
A13: 12 | E13: =D13-C13 -> 0
A14: 13 | E14: =D14-C14 -> 0
A15: 14 | E15: =D15-C15 -> 0
A16: 15 | E16: =D16-C16 -> 0

Sheet Day (2)
A1: S.no | B1: Employee Name | C1: Sign-in | D1: sign-out | E1: Hours done
A2: 1 | B2: ='Day (1)'!B2 -> 0 | E2: =MOD(D2-C2,1) -> 0 | H2: Step 1:click on the cell of sign-in in front of the Employee's name
A3: 2 | B3: ='Day (1)'!B3 -> 0 | E3: =MOD(D3-C3,1) -> 0 | H3: Step 2: Press ctrl+shift+;
A4: 3 | B4: ='Day (1)'!B4 -> 0 | E4: =MOD(D4-C4,1) -> 0 | H4: Strep 2: Do the same at the end of your shift in the Sign-out cell
A5: 4 | B5: ='Day (1)'!B5 -> 0 | E5: =MOD(D5-C5,1) -> 0 | H5: step 3: click on the "Hours Done" cell to finish the entry and see your completed hours for the day
A6: 5 | B6: ='Day (1)'!B6 -> 0 | E6: =MOD(D6-C6,1) -> 0
A7: 6 | B7: ='Day (1)'!B7 -> 0 | E7: =MOD(D7-C7,1) -> 0
A8: 7 | B8: ='Day (1)'!B8 -> 0 | E8: =MOD(D8-C8,1) -> 0
A9: 8 | B9: ='Day (1)'!B9 -> 0 | E9: =MOD(D9-C9,1) -> 0
A10: 9 | B10: ='Day (1)'!B10 -> 0 | E10: =MOD(D10-C10,1) -> 0
A11: 10 | B11: ='Day (1)'!B11 -> 0 | E11: =MOD(D11-C11,1) -> 0
A12: 11 | B12: ='Day (1)'!B12 -> 0 | E12: =MOD(D12-C12,1) -> 0
A13: 12 | B13: ='Day (1)'!B13 -> 0 | E13: =MOD(D13-C13,1) -> 0
A14: 13 | B14: ='Day (1)'!B14 -> 0 | E14: =MOD(D14-C14,1) -> 0
A15: 14 | B15: ='Day (1)'!B15 -> 0 | E15: =MOD(D15-C15,1) -> 0
A16: 15 | B16: ='Day (1)'!B16 -> 0 | E16: =MOD(D16-C16,1) -> 0

Sheet Day (3)
A1: S.no | B1: Employee Name | C1: Sign-in | D1: sign-out | E1: Hours done
A2: 1 | B2: ='Day (1)'!B2 -> 0 | E2: =MOD(D2-C2,1) -> 0 | H2: Step 1:click on the cell of sign-in in front of the Employee's name
A3: 2 | B3: ='Day (1)'!B3 -> 0 | E3: =MOD(D3-C3,1) -> 0 | H3: Step 2: Press ctrl+shift+;
A4: 3 | B4: ='Day (1)'!B4 -> 0 | E4: =MOD(D4-C4,1) -> 0 | H4: Strep 2: Do the same at the end of your shift in the Sign-out cell
A5: 4 | B5: ='Day (1)'!B5 -> 0 | E5: =MOD(D5-C5,1) -> 0 | H5: step 3: click on the "Hours Done" cell to finish the entry and see your completed hours for the day
A6: 5 | B6: ='Day (1)'!B6 -> 0 | E6: =MOD(D6-C6,1) -> 0
A7: 6 | B7: ='Day (1)'!B7 -> 0 | E7: =MOD(D7-C7,1) -> 0
A8: 7 | B8: ='Day (1)'!B8 -> 0 | E8: =MOD(D8-C8,1) -> 0
A9: 8 | B9: ='Day (1)'!B9 -> 0 | E9: =MOD(D9-C9,1) -> 0
A10: 9 | B10: ='Day (1)'!B10 -> 0 | E10: =MOD(D10-C10,1) -> 0
A11: 10 | B11: ='Day (1)'!B11 -> 0 | E11: =MOD(D11-C11,1) -> 0
A12: 11 | B12: ='Day (1)'!B12 -> 0 | E12: =MOD(D12-C12,1) -> 0
A13: 12 | B13: ='Day (1)'!B13 -> 0 | E13: =MOD(D13-C13,1) -> 0
A14: 13 | B14: ='Day (1)'!B14 -> 0 | E14: =MOD(D14-C14,1) -> 0
A15: 14 | B15: ='Day (1)'!B15 -> 0 | E15: =MOD(D15-C15,1) -> 0
A16: 15 | B16: ='Day (1)'!B16 -> 0 | E16: =MOD(D16-C16,1) -> 0

Sheet Day (4)
A1: S.no | B1: Employee Name | C1: Sign-in | D1: sign-out | E1: Hours done
A2: 1 | B2: ='Day (1)'!B2 -> 0 | E2: =MOD(D2-C2,1) -> 0 | H2: Step 1:click on the cell of sign-in in front of the Employee's name
A3: 2 | B3: ='Day (1)'!B3 -> 0 | E3: =MOD(D3-C3,1) -> 0 | H3: Step 2: Press ctrl+shift+;
A4: 3 | B4: ='Day (1)'!B4 -> 0 | E4: =MOD(D4-C4,1) -> 0 | H4: Strep 2: Do the same at the end of your shift in the Sign-out cell
A5: 4 | B5: ='Day (1)'!B5 -> 0 | E5: =MOD(D5-C5,1) -> 0 | H5: step 3: click on the "Hours Done" cell to finish the entry and see your completed hours for the day
A6: 5 | B6: ='Day (1)'!B6 -> 0 | E6: =MOD(D6-C6,1) -> 0
A7: 6 | B7: ='Day (1)'!B7 -> 0 | E7: =MOD(D7-C7,1) -> 0
A8: 7 | B8: ='Day (1)'!B8 -> 0 | E8: =MOD(D8-C8,1) -> 0
A9: 8 | B9: ='Day (1)'!B9 -> 0 | E9: =MOD(D9-C9,1) -> 0
A10: 9 | B10: ='Day (1)'!B10 -> 0 | E10: =MOD(D10-C10,1) -> 0
A11: 10 | B11: ='Day (1)'!B11 -> 0 | E11: =MOD(D11-C11,1) -> 0
A12: 11 | B12: ='Day (1)'!B12 -> 0 | E12: =MOD(D12-C12,1) -> 0
A13: 12 | B13: ='Day (1)'!B13 -> 0 | E13: =MOD(D13-C13,1) -> 0
A14: 13 | B14: ='Day (1)'!B14 -> 0 | E14: =MOD(D14-C14,1) -> 0
A15: 14 | B15: ='Day (1)'!B15 -> 0 | E15: =MOD(D15-C15,1) -> 0
A16: 15 | B16: ='Day (1)'!B16 -> 0 | E16: =MOD(D16-C16,1) -> 0

Sheet Day (5)
A1: S.no | B1: Employee Name | C1: Sign-in | D1: sign-out | E1: Hours done
A2: 1 | B2: ='Day (1)'!B2 -> 0 | E2: =MOD(D2-C2,1) -> 0 | H2: Step 1:click on the cell of sign-in in front of the Employee's name
A3: 2 | B3: ='Day (1)'!B3 -> 0 | E3: =MOD(D3-C3,1) -> 0 | H3: Step 2: Press ctrl+shift+;
A4: 3 | B4: ='Day (1)'!B4 -> 0 | E4: =MOD(D4-C4,1) -> 0 | H4: Strep 2: Do the same at the end of your shift in the Sign-out cell
A5: 4 | B5: ='Day (1)'!B5 -> 0 | E5: =MOD(D5-C5,1) -> 0 | H5: step 3: click on the "Hours Done" cell to finish the entry and see your completed hours for the day
A6: 5 | B6: ='Day (1)'!B6 -> 0 | E6: =MOD(D6-C6,1) -> 0
A7: 6 | B7: ='Day (1)'!B7 -> 0 | E7: =MOD(D7-C7,1) -> 0
A8: 7 | B8: ='Day (1)'!B8 -> 0 | E8: =MOD(D8-C8,1) -> 0
A9: 8 | B9: ='Day (1)'!B9 -> 0 | E9: =MOD(D9-C9,1) -> 0
A10: 9 | B10: ='Day (1)'!B10 -> 0 | E10: =MOD(D10-C10,1) -> 0
A11: 10 | B11: ='Day (1)'!B11 -> 0 | E11: =MOD(D11-C11,1) -> 0
A12: 11 | B12: ='Day (1)'!B12 -> 0 | E12: =MOD(D12-C12,1) -> 0
A13: 12 | B13: ='Day (1)'!B13 -> 0 | E13: =MOD(D13-C13,1) -> 0
A14: 13 | B14: ='Day (1)'!B14 -> 0 | E14: =MOD(D14-C14,1) -> 0
A15: 14 | B15: ='Day (1)'!B15 -> 0 | E15: =MOD(D15-C15,1) -> 0
A16: 15 | B16: ='Day (1)'!B16 -> 0 | E16: =MOD(D16-C16,1) -> 0

Sheet Day (6)
A1: S.no | B1: Employee Name | C1: Sign-in | D1: sign-out | E1: Hours done
A2: 1 | B2: ='Day (1)'!B2 -> 0 | E2: =MOD(D2-C2,1) -> 0 | H2: Step 1:click on the cell of sign-in in front of the Employee's name
A3: 2 | B3: ='Day (1)'!B3 -> 0 | E3: =MOD(D3-C3,1) -> 0 | H3: Step 2: Press ctrl+shift+;
A4: 3 | B4: ='Day (1)'!B4 -> 0 | E4: =MOD(D4-C4,1) -> 0 | H4: Strep 2: Do the same at the end of your shift in the Sign-out cell
A5: 4 | B5: ='Day (1)'!B5 -> 0 | E5: =MOD(D5-C5,1) -> 0 | H5: step 3: click on the "Hours Done" cell to finish the entry and see your completed hours for the day
A6: 5 | B6: ='Day (1)'!B6 -> 0 | E6: =MOD(D6-C6,1) -> 0
A7: 6 | B7: ='Day (1)'!B7 -> 0 | E7: =MOD(D7-C7,1) -> 0
A8: 7 | B8: ='Day (1)'!B8 -> 0 | E8: =MOD(D8-C8,1) -> 0
A9: 8 | B9: ='Day (1)'!B9 -> 0 | E9: =MOD(D9-C9,1) -> 0
A10: 9 | B10: ='Day (1)'!B10 -> 0 | E10: =MOD(D10-C10,1) -> 0
A11: 10 | B11: ='Day (1)'!B11 -> 0 | E11: =MOD(D11-C11,1) -> 0
A12: 11 | B12: ='Day (1)'!B12 -> 0 | E12: =MOD(D12-C12,1) -> 0
A13: 12 | B13: ='Day (1)'!B13 -> 0 | E13: =MOD(D13-C13,1) -> 0
A14: 13 | B14: ='Day (1)'!B14 -> 0 | E14: =MOD(D14-C14,1) -> 0
A15: 14 | B15: ='Day (1)'!B15 -> 0 | E15: =MOD(D15-C15,1) -> 0
A16: 15 | B16: ='Day (1)'!B16 -> 0 | E16: =MOD(D16-C16,1) -> 0

Sheet Day (7)
A1: S.no | B1: Employee Name | C1: Sign-in | D1: sign-out | E1: Hours done
A2: 1 | B2: ='Day (1)'!B2 -> 0 | E2: =MOD(D2-C2,1) -> 0 | H2: Step 1:click on the cell of sign-in in front of the Employee's name
A3: 2 | B3: ='Day (1)'!B3 -> 0 | E3: =MOD(D3-C3,1) -> 0 | H3: Step 2: Press ctrl+shift+;
A4: 3 | B4: ='Day (1)'!B4 -> 0 | E4: =MOD(D4-C4,1) -> 0 | H4: Strep 2: Do the same at the end of your shift in the Sign-out cell
A5: 4 | B5: ='Day (1)'!B5 -> 0 | E5: =MOD(D5-C5,1) -> 0 | H5: step 3: click on the "Hours Done" cell to finish the entry and see your completed hours for the day
A6: 5 | B6: ='Day (1)'!B6 -> 0 | E6: =MOD(D6-C6,1) -> 0
A7: 6 | B7: ='Day (1)'!B7 -> 0 | E7: =MOD(D7-C7,1) -> 0
A8: 7 | B8: ='Day (1)'!B8 -> 0 | E8: =MOD(D8-C8,1) -> 0
A9: 8 | B9: ='Day (1)'!B9 -> 0 | E9: =MOD(D9-C9,1) -> 0
A10: 9 | B10: ='Day (1)'!B10 -> 0 | E10: =MOD(D10-C10,1) -> 0
A11: 10 | B11: ='Day (1)'!B11 -> 0 | E11: =MOD(D11-C11,1) -> 0
A12: 11 | B12: ='Day (1)'!B12 -> 0 | E12: =MOD(D12-C12,1) -> 0
A13: 12 | B13: ='Day (1)'!B13 -> 0 | E13: =MOD(D13-C13,1) -> 0
A14: 13 | B14: ='Day (1)'!B14 -> 0 | E14: =MOD(D14-C14,1) -> 0
A15: 14 | B15: ='Day (1)'!B15 -> 0 | E15: =MOD(D15-C15,1) -> 0
A16: 15 | B16: ='Day (1)'!B16 -> 0 | E16: =MOD(D16-C16,1) -> 0

Sheet Day (8)
A1: S.no | B1: Employee Name | C1: Sign-in | D1: sign-out | E1: Hours done
A2: 1 | B2: ='Day (1)'!B2 -> 0 | E2: =MOD(D2-C2,1) -> 0 | H2: Step 1:click on the cell of sign-in in front of the Employee's name
A3: 2 | B3: ='Day (1)'!B3 -> 0 | E3: =MOD(D3-C3,1) -> 0 | H3: Step 2: Press ctrl+shift+;
A4: 3 | B4: ='Day (1)'!B4 -> 0 | E4: =MOD(D4-C4,1) -> 0 | H4: Strep 2: Do the same at the end of your shift in the Sign-out cell
A5: 4 | B5: ='Day (1)'!B5 -> 0 | E5: =MOD(D5-C5,1) -> 0 | H5: step 3: click on the "Hours Done" cell to finish the entry and see your completed hours for the day
A6: 5 | B6: ='Day (1)'!B6 -> 0 | E6: =MOD(D6-C6,1) -> 0
A7: 6 | B7: ='Day (1)'!B7 -> 0 | E7: =MOD(D7-C7,1) -> 0
A8: 7 | B8: ='Day (1)'!B8 -> 0 | E8: =MOD(D8-C8,1) -> 0
A9: 8 | B9: ='Day (1)'!B9 -> 0 | E9: =MOD(D9-C9,1) -> 0
A10: 9 | B10: ='Day (1)'!B10 -> 0 | E10: =MOD(D10-C10,1) -> 0
A11: 10 | B11: ='Day (1)'!B11 -> 0 | E11: =MOD(D11-C11,1) -> 0
A12: 11 | B12: ='Day (1)'!B12 -> 0 | E12: =MOD(D12-C12,1) -> 0
A13: 12 | B13: ='Day (1)'!B13 -> 0 | E13: =MOD(D13-C13,1) -> 0
A14: 13 | B14: ='Day (1)'!B14 -> 0 | E14: =MOD(D14-C14,1) -> 0
A15: 14 | B15: ='Day (1)'!B15 -> 0 | E15: =MOD(D15-C15,1) -> 0
A16: 15 | B16: ='Day (1)'!B16 -> 0 | E16: =MOD(D16-C16,1) -> 0

Sheet Day (9)
A1: S.no | B1: Employee Name | C1: Sign-in | D1: sign-out | E1: Hours done
A2: 1 | B2: ='Day (1)'!B2 -> 0 | E2: =MOD(D2-C2,1) -> 0 | H2: Step 1:click on the cell of sign-in in front of the Employee's name
A3: 2 | B3: ='Day (1)'!B3 -> 0 | E3: =MOD(D3-C3,1) -> 0 | H3: Step 2: Press ctrl+shift+;
A4: 3 | B4: ='Day (1)'!B4 -> 0 | E4: =MOD(D4-C4,1) -> 0 | H4: Strep 2: Do the same at the end of your shift in the Sign-out cell
A5: 4 | B5: ='Day (1)'!B5 -> 0 | E5: =MOD(D5-C5,1) -> 0 | H5: step 3: click on the "Hours Done" cell to finish the entry and see your completed hours for the day
A6: 5 | B6: ='Day (1)'!B6 -> 0 | E6: =MOD(D6-C6,1) -> 0
A7: 6 | B7: ='Day (1)'!B7 -> 0 | E7: =MOD(D7-C7,1) -> 0
A8: 7 | B8: ='Day (1)'!B8 -> 0 | E8: =MOD(D8-C8,1) -> 0
A9: 8 | B9: ='Day (1)'!B9 -> 0 | E9: =MOD(D9-C9,1) -> 0
A10: 9 | B10: ='Day (1)'!B10 -> 0 | E10: =MOD(D10-C10,1) -> 0
A11: 10 | B11: ='Day (1)'!B11 -> 0 | E11: =MOD(D11-C11,1) -> 0
A12: 11 | B12: ='Day (1)'!B12 -> 0 | E12: =MOD(D12-C12,1) -> 0
A13: 12 | B13: ='Day (1)'!B13 -> 0 | E13: =MOD(D13-C13,1) -> 0
A14: 13 | B14: ='Day (1)'!B14 -> 0 | E14: =MOD(D14-C14,1) -> 0
A15: 14 | B15: ='Day (1)'!B15 -> 0 | E15: =MOD(D15-C15,1) -> 0
A16: 15 | B16: ='Day (1)'!B16 -> 0 | E16: =MOD(D16-C16,1) -> 0

Sheet Day (10)
A1: S.no | B1: Employee Name | C1: Sign-in | D1: sign-out | E1: Hours done
A2: 1 | B2: ='Day (1)'!B2 -> 0 | E2: =MOD(D2-C2,1) -> 0 | H2: Step 1:click on the cell of sign-in in front of the Employee's name
A3: 2 | B3: ='Day (1)'!B3 -> 0 | E3: =MOD(D3-C3,1) -> 0 | H3: Step 2: Press ctrl+shift+;
A4: 3 | B4: ='Day (1)'!B4 -> 0 | E4: =MOD(D4-C4,1) -> 0 | H4: Strep 2: Do the same at the end of your shift in the Sign-out cell
A5: 4 | B5: ='Day (1)'!B5 -> 0 | E5: =MOD(D5-C5,1) -> 0 | H5: step 3: click on the "Hours Done" cell to finish the entry and see your completed hours for the day
A6: 5 | B6: ='Day (1)'!B6 -> 0 | E6: =MOD(D6-C6,1) -> 0
A7: 6 | B7: ='Day (1)'!B7 -> 0 | E7: =MOD(D7-C7,1) -> 0
A8: 7 | B8: ='Day (1)'!B8 -> 0 | E8: =MOD(D8-C8,1) -> 0
A9: 8 | B9: ='Day (1)'!B9 -> 0 | E9: =MOD(D9-C9,1) -> 0
A10: 9 | B10: ='Day (1)'!B10 -> 0 | E10: =MOD(D10-C10,1) -> 0
A11: 10 | B11: ='Day (1)'!B11 -> 0 | E11: =MOD(D11-C11,1) -> 0
A12: 11 | B12: ='Day (1)'!B12 -> 0 | E12: =MOD(D12-C12,1) -> 0
A13: 12 | B13: ='Day (1)'!B13 -> 0 | E13: =MOD(D13-C13,1) -> 0
A14: 13 | B14: ='Day (1)'!B14 -> 0 | E14: =MOD(D14-C14,1) -> 0
A15: 14 | B15: ='Day (1)'!B15 -> 0 | E15: =MOD(D15-C15,1) -> 0
A16: 15 | B16: ='Day (1)'!B16 -> 0 | E16: =MOD(D16-C16,1) -> 0

Sheet Day (11)
A1: S.no | B1: Employee Name | C1: Sign-in | D1: sign-out | E1: Hours done
A2: 1 | B2: ='Day (1)'!B2 -> 0 | E2: =MOD(D2-C2,1) -> 0 | H2: Step 1:click on the cell of sign-in in front of the Employee's name
A3: 2 | B3: ='Day (1)'!B3 -> 0 | E3: =MOD(D3-C3,1) -> 0 | H3: Step 2: Press ctrl+shift+;
A4: 3 | B4: ='Day (1)'!B4 -> 0 | E4: =MOD(D4-C4,1) -> 0 | H4: Strep 2: Do the same at the end of your shift in the Sign-out cell
A5: 4 | B5: ='Day (1)'!B5 -> 0 | E5: =MOD(D5-C5,1) -> 0 | H5: step 3: click on the "Hours Done" cell to finish the entry and see your completed hours for the day
A6: 5 | B6: ='Day (1)'!B6 -> 0 | E6: =MOD(D6-C6,1) -> 0
A7: 6 | B7: ='Day (1)'!B7 -> 0 | E7: =MOD(D7-C7,1) -> 0
A8: 7 | B8: ='Day (1)'!B8 -> 0 | E8: =MOD(D8-C8,1) -> 0
A9: 8 | B9: ='Day (1)'!B9 -> 0 | E9: =MOD(D9-C9,1) -> 0
A10: 9 | B10: ='Day (1)'!B10 -> 0 | E10: =MOD(D10-C10,1) -> 0
A11: 10 | B11: ='Day (1)'!B11 -> 0 | E11: =MOD(D11-C11,1) -> 0
A12: 11 | B12: ='Day (1)'!B12 -> 0 | E12: =MOD(D12-C12,1) -> 0
A13: 12 | B13: ='Day (1)'!B13 -> 0 | E13: =MOD(D13-C13,1) -> 0
A14: 13 | B14: ='Day (1)'!B14 -> 0 | E14: =MOD(D14-C14,1) -> 0
A15: 14 | B15: ='Day (1)'!B15 -> 0 | E15: =MOD(D15-C15,1) -> 0
A16: 15 | B16: ='Day (1)'!B16 -> 0 | E16: =MOD(D16-C16,1) -> 0

Sheet Day (12)
A1: S.no | B1: Employee Name | C1: Sign-in | D1: sign-out | E1: Hours done
A2: 1 | B2: ='Day (1)'!B2 -> 0 | E2: =MOD(D2-C2,1) -> 0 | H2: Step 1:click on the cell of sign-in in front of the Employee's name
A3: 2 | B3: ='Day (1)'!B3 -> 0 | E3: =MOD(D3-C3,1) -> 0 | H3: Step 2: Press ctrl+shift+;
A4: 3 | B4: ='Day (1)'!B4 -> 0 | E4: =MOD(D4-C4,1) -> 0 | H4: Strep 2: Do the same at the end of your shift in the Sign-out cell
A5: 4 | B5: ='Day (1)'!B5 -> 0 | E5: =MOD(D5-C5,1) -> 0 | H5: step 3: click on the "Hours Done" cell to finish the entry and see your completed hours for the day
A6: 5 | B6: ='Day (1)'!B6 -> 0 | E6: =MOD(D6-C6,1) -> 0
A7: 6 | B7: ='Day (1)'!B7 -> 0 | E7: =MOD(D7-C7,1) -> 0
A8: 7 | B8: ='Day (1)'!B8 -> 0 | E8: =MOD(D8-C8,1) -> 0
A9: 8 | B9: ='Day (1)'!B9 -> 0 | E9: =MOD(D9-C9,1) -> 0
A10: 9 | B10: ='Day (1)'!B10 -> 0 | E10: =MOD(D10-C10,1) -> 0
A11: 10 | B11: ='Day (1)'!B11 -> 0 | E11: =MOD(D11-C11,1) -> 0
A12: 11 | B12: ='Day (1)'!B12 -> 0 | E12: =MOD(D12-C12,1) -> 0
A13: 12 | B13: ='Day (1)'!B13 -> 0 | E13: =MOD(D13-C13,1) -> 0
A14: 13 | B14: ='Day (1)'!B14 -> 0 | E14: =MOD(D14-C14,1) -> 0
A15: 14 | B15: ='Day (1)'!B15 -> 0 | E15: =MOD(D15-C15,1) -> 0
A16: 15 | B16: ='Day (1)'!B16 -> 0 | E16: =MOD(D16-C16,1) -> 0

Sheet Day (13)
A1: S.no | B1: Employee Name | C1: Sign-in | D1: sign-out | E1: Hours done
A2: 1 | B2: ='Day (1)'!B2 -> 0 | E2: =MOD(D2-C2,1) -> 0 | H2: Step 1:click on the cell of sign-in in front of the Employee's name
A3: 2 | B3: ='Day (1)'!B3 -> 0 | E3: =MOD(D3-C3,1) -> 0 | H3: Step 2: Press ctrl+shift+;
A4: 3 | B4: ='Day (1)'!B4 -> 0 | E4: =MOD(D4-C4,1) -> 0 | H4: Strep 2: Do the same at the end of your shift in the Sign-out cell
A5: 4 | B5: ='Day (1)'!B5 -> 0 | E5: =MOD(D5-C5,1) -> 0 | H5: step 3: click on the "Hours Done" cell to finish the entry and see your completed hours for the day
A6: 5 | B6: ='Day (1)'!B6 -> 0 | E6: =MOD(D6-C6,1) -> 0
A7: 6 | B7: ='Day (1)'!B7 -> 0 | E7: =MOD(D7-C7,1) -> 0
A8: 7 | B8: ='Day (1)'!B8 -> 0 | E8: =MOD(D8-C8,1) -> 0
A9: 8 | B9: ='Day (1)'!B9 -> 0 | E9: =MOD(D9-C9,1) -> 0
A10: 9 | B10: ='Day (1)'!B10 -> 0 | E10: =MOD(D10-C10,1) -> 0
A11: 10 | B11: ='Day (1)'!B11 -> 0 | E11: =MOD(D11-C11,1) -> 0
A12: 11 | B12: ='Day (1)'!B12 -> 0 | E12: =MOD(D12-C12,1) -> 0
A13: 12 | B13: ='Day (1)'!B13 -> 0 | E13: =MOD(D13-C13,1) -> 0
A14: 13 | B14: ='Day (1)'!B14 -> 0 | E14: =MOD(D14-C14,1) -> 0
A15: 14 | B15: ='Day (1)'!B15 -> 0 | E15: =MOD(D15-C15,1) -> 0
A16: 15 | B16: ='Day (1)'!B16 -> 0 | E16: =MOD(D16-C16,1) -> 0

Sheet Day (14)
A1: S.no | B1: Employee Name | C1: Sign-in | D1: sign-out | E1: Hours done
A2: 1 | B2: ='Day (1)'!B2 -> 0 | E2: =MOD(D2-C2,1) -> 0 | H2: Step 1:click on the cell of sign-in in front of the Employee's name
A3: 2 | B3: ='Day (1)'!B3 -> 0 | E3: =MOD(D3-C3,1) -> 0 | H3: Step 2: Press ctrl+shift+;
A4: 3 | B4: ='Day (1)'!B4 -> 0 | E4: =MOD(D4-C4,1) -> 0 | H4: Strep 2: Do the same at the end of your shift in the Sign-out cell
A5: 4 | B5: ='Day (1)'!B5 -> 0 | E5: =MOD(D5-C5,1) -> 0 | H5: step 3: click on the "Hours Done" cell to finish the entry and see your completed hours for the day
A6: 5 | B6: ='Day (1)'!B6 -> 0 | E6: =MOD(D6-C6,1) -> 0
A7: 6 | B7: ='Day (1)'!B7 -> 0 | E7: =MOD(D7-C7,1) -> 0
A8: 7 | B8: ='Day (1)'!B8 -> 0 | E8: =MOD(D8-C8,1) -> 0
A9: 8 | B9: ='Day (1)'!B9 -> 0 | E9: =MOD(D9-C9,1) -> 0
A10: 9 | B10: ='Day (1)'!B10 -> 0 | E10: =MOD(D10-C10,1) -> 0
A11: 10 | B11: ='Day (1)'!B11 -> 0 | E11: =MOD(D11-C11,1) -> 0
A12: 11 | B12: ='Day (1)'!B12 -> 0 | E12: =MOD(D12-C12,1) -> 0
A13: 12 | B13: ='Day (1)'!B13 -> 0 | E13: =MOD(D13-C13,1) -> 0
A14: 13 | B14: ='Day (1)'!B14 -> 0 | E14: =MOD(D14-C14,1) -> 0
A15: 14 | B15: ='Day (1)'!B15 -> 0 | E15: =MOD(D15-C15,1) -> 0
A16: 15 | B16: ='Day (1)'!B16 -> 0 | E16: =MOD(D16-C16,1) -> 0

Sheet Day (15)
A1: S.no | B1: Employee Name | C1: Sign-in | D1: sign-out | E1: Hours done
A2: 1 | B2: ='Day (1)'!B2 -> 0 | E2: =MOD(D2-C2,1) -> 0 | H2: Step 1:click on the cell of sign-in in front of the Employee's name
A3: 2 | B3: ='Day (1)'!B3 -> 0 | E3: =MOD(D3-C3,1) -> 0 | H3: Step 2: Press ctrl+shift+;
A4: 3 | B4: ='Day (1)'!B4 -> 0 | E4: =MOD(D4-C4,1) -> 0 | H4: Strep 2: Do the same at the end of your shift in the Sign-out cell
A5: 4 | B5: ='Day (1)'!B5 -> 0 | E5: =MOD(D5-C5,1) -> 0 | H5: step 3: click on the "Hours Done" cell to finish the entry and see your completed hours for the day
A6: 5 | B6: ='Day (1)'!B6 -> 0 | E6: =MOD(D6-C6,1) -> 0
A7: 6 | B7: ='Day (1)'!B7 -> 0 | E7: =MOD(D7-C7,1) -> 0
A8: 7 | B8: ='Day (1)'!B8 -> 0 | E8: =MOD(D8-C8,1) -> 0
A9: 8 | B9: ='Day (1)'!B9 -> 0 | E9: =MOD(D9-C9,1) -> 0
A10: 9 | B10: ='Day (1)'!B10 -> 0 | E10: =MOD(D10-C10,1) -> 0
A11: 10 | B11: ='Day (1)'!B11 -> 0 | E11: =MOD(D11-C11,1) -> 0
A12: 11 | B12: ='Day (1)'!B12 -> 0 | E12: =MOD(D12-C12,1) -> 0
A13: 12 | B13: ='Day (1)'!B13 -> 0 | E13: =MOD(D13-C13,1) -> 0
A14: 13 | B14: ='Day (1)'!B14 -> 0 | E14: =MOD(D14-C14,1) -> 0
A15: 14 | B15: ='Day (1)'!B15 -> 0 | E15: =MOD(D15-C15,1) -> 0
A16: 15 | B16: ='Day (1)'!B16 -> 0 | E16: =MOD(D16-C16,1) -> 0

Sheet Day (16)
A1: S.no | B1: Employee Name | C1: Sign-in | D1: sign-out | E1: Hours done
A2: 1 | B2: ='Day (1)'!B2 -> 0 | E2: =MOD(D2-C2,1) -> 0 | H2: Step 1:click on the cell of sign-in in front of the Employee's name
A3: 2 | B3: ='Day (1)'!B3 -> 0 | E3: =MOD(D3-C3,1) -> 0 | H3: Step 2: Press ctrl+shift+;
A4: 3 | B4: ='Day (1)'!B4 -> 0 | E4: =MOD(D4-C4,1) -> 0 | H4: Strep 2: Do the same at the end of your shift in the Sign-out cell
A5: 4 | B5: ='Day (1)'!B5 -> 0 | E5: =MOD(D5-C5,1) -> 0 | H5: step 3: click on the "Hours Done" cell to finish the entry and see your completed hours for the day
A6: 5 | B6: ='Day (1)'!B6 -> 0 | E6: =MOD(D6-C6,1) -> 0
A7: 6 | B7: ='Day (1)'!B7 -> 0 | E7: =MOD(D7-C7,1) -> 0
A8: 7 | B8: ='Day (1)'!B8 -> 0 | E8: =MOD(D8-C8,1) -> 0
A9: 8 | B9: ='Day (1)'!B9 -> 0 | E9: =MOD(D9-C9,1) -> 0
A10: 9 | B10: ='Day (1)'!B10 -> 0 | E10: =MOD(D10-C10,1) -> 0
A11: 10 | B11: ='Day (1)'!B11 -> 0 | E11: =MOD(D11-C11,1) -> 0
A12: 11 | B12: ='Day (1)'!B12 -> 0 | E12: =MOD(D12-C12,1) -> 0
A13: 12 | B13: ='Day (1)'!B13 -> 0 | E13: =MOD(D13-C13,1) -> 0
A14: 13 | B14: ='Day (1)'!B14 -> 0 | E14: =MOD(D14-C14,1) -> 0
A15: 14 | B15: ='Day (1)'!B15 -> 0 | E15: =MOD(D15-C15,1) -> 0
A16: 15 | B16: ='Day (1)'!B16 -> 0 | E16: =MOD(D16-C16,1) -> 0

Sheet Day (17)
A1: S.no | B1: Employee Name | C1: Sign-in | D1: sign-out | E1: Hours done
A2: 1 | B2: ='Day (1)'!B2 -> 0 | E2: =MOD(D2-C2,1) -> 0 | H2: Step 1:click on the cell of sign-in in front of the Employee's name
A3: 2 | B3: ='Day (1)'!B3 -> 0 | E3: =MOD(D3-C3,1) -> 0 | H3: Step 2: Press ctrl+shift+;
A4: 3 | B4: ='Day (1)'!B4 -> 0 | E4: =MOD(D4-C4,1) -> 0 | H4: Strep 2: Do the same at the end of your shift in the Sign-out cell
A5: 4 | B5: ='Day (1)'!B5 -> 0 | E5: =MOD(D5-C5,1) -> 0 | H5: step 3: click on the "Hours Done" cell to finish the entry and see your completed hours for the day
A6: 5 | B6: ='Day (1)'!B6 -> 0 | E6: =MOD(D6-C6,1) -> 0
A7: 6 | B7: ='Day (1)'!B7 -> 0 | E7: =MOD(D7-C7,1) -> 0
A8: 7 | B8: ='Day (1)'!B8 -> 0 | E8: =MOD(D8-C8,1) -> 0
A9: 8 | B9: ='Day (1)'!B9 -> 0 | E9: =MOD(D9-C9,1) -> 0
A10: 9 | B10: ='Day (1)'!B10 -> 0 | E10: =MOD(D10-C10,1) -> 0
A11: 10 | B11: ='Day (1)'!B11 -> 0 | E11: =MOD(D11-C11,1) -> 0
A12: 11 | B12: ='Day (1)'!B12 -> 0 | E12: =MOD(D12-C12,1) -> 0
A13: 12 | B13: ='Day (1)'!B13 -> 0 | E13: =MOD(D13-C13,1) -> 0
A14: 13 | B14: ='Day (1)'!B14 -> 0 | E14: =MOD(D14-C14,1) -> 0
A15: 14 | B15: ='Day (1)'!B15 -> 0 | E15: =MOD(D15-C15,1) -> 0
A16: 15 | B16: ='Day (1)'!B16 -> 0 | E16: =MOD(D16-C16,1) -> 0

Sheet Day (18)
A1: S.no | B1: Employee Name | C1: Sign-in | D1: sign-out | E1: Hours done
A2: 1 | B2: ='Day (1)'!B2 -> 0 | E2: =MOD(D2-C2,1) -> 0 | H2: Step 1:click on the cell of sign-in in front of the Employee's name
A3: 2 | B3: ='Day (1)'!B3 -> 0 | E3: =MOD(D3-C3,1) -> 0 | H3: Step 2: Press ctrl+shift+;
A4: 3 | B4: ='Day (1)'!B4 -> 0 | E4: =MOD(D4-C4,1) -> 0 | H4: Strep 2: Do the same at the end of your shift in the Sign-out cell
A5: 4 | B5: ='Day (1)'!B5 -> 0 | E5: =MOD(D5-C5,1) -> 0 | H5: step 3: click on the "Hours Done" cell to finish the entry and see your completed hours for the day
A6: 5 | B6: ='Day (1)'!B6 -> 0 | E6: =MOD(D6-C6,1) -> 0
A7: 6 | B7: ='Day (1)'!B7 -> 0 | E7: =MOD(D7-C7,1) -> 0
A8: 7 | B8: ='Day (1)'!B8 -> 0 | E8: =MOD(D8-C8,1) -> 0
A9: 8 | B9: ='Day (1)'!B9 -> 0 | E9: =MOD(D9-C9,1) -> 0
A10: 9 | B10: ='Day (1)'!B10 -> 0 | E10: =MOD(D10-C10,1) -> 0
A11: 10 | B11: ='Day (1)'!B11 -> 0 | E11: =MOD(D11-C11,1) -> 0
A12: 11 | B12: ='Day (1)'!B12 -> 0 | E12: =MOD(D12-C12,1) -> 0
A13: 12 | B13: ='Day (1)'!B13 -> 0 | E13: =MOD(D13-C13,1) -> 0
A14: 13 | B14: ='Day (1)'!B14 -> 0 | E14: =MOD(D14-C14,1) -> 0
A15: 14 | B15: ='Day (1)'!B15 -> 0 | E15: =MOD(D15-C15,1) -> 0
A16: 15 | B16: ='Day (1)'!B16 -> 0 | E16: =MOD(D16-C16,1) -> 0

Sheet Day (19)
A1: S.no | B1: Employee Name | C1: Sign-in | D1: sign-out | E1: Hours done
A2: 1 | B2: ='Day (1)'!B2 -> 0 | E2: =MOD(D2-C2,1) -> 0 | H2: Step 1:click on the cell of sign-in in front of the Employee's name
A3: 2 | B3: ='Day (1)'!B3 -> 0 | E3: =MOD(D3-C3,1) -> 0 | H3: Step 2: Press ctrl+shift+;
A4: 3 | B4: ='Day (1)'!B4 -> 0 | E4: =MOD(D4-C4,1) -> 0 | H4: Strep 2: Do the same at the end of your shift in the Sign-out cell
A5: 4 | B5: ='Day (1)'!B5 -> 0 | E5: =MOD(D5-C5,1) -> 0 | H5: step 3: click on the "Hours Done" cell to finish the entry and see your completed hours for the day
A6: 5 | B6: ='Day (1)'!B6 -> 0 | E6: =MOD(D6-C6,1) -> 0
A7: 6 | B7: ='Day (1)'!B7 -> 0 | E7: =MOD(D7-C7,1) -> 0
A8: 7 | B8: ='Day (1)'!B8 -> 0 | E8: =MOD(D8-C8,1) -> 0
A9: 8 | B9: ='Day (1)'!B9 -> 0 | E9: =MOD(D9-C9,1) -> 0
A10: 9 | B10: ='Day (1)'!B10 -> 0 | E10: =MOD(D10-C10,1) -> 0
A11: 10 | B11: ='Day (1)'!B11 -> 0 | E11: =MOD(D11-C11,1) -> 0
A12: 11 | B12: ='Day (1)'!B12 -> 0 | E12: =MOD(D12-C12,1) -> 0
A13: 12 | B13: ='Day (1)'!B13 -> 0 | E13: =MOD(D13-C13,1) -> 0
A14: 13 | B14: ='Day (1)'!B14 -> 0 | E14: =MOD(D14-C14,1) -> 0
A15: 14 | B15: ='Day (1)'!B15 -> 0 | E15: =MOD(D15-C15,1) -> 0
A16: 15 | B16: ='Day (1)'!B16 -> 0 | E16: =MOD(D16-C16,1) -> 0

Sheet Day (20)
A1: S.no | B1: Employee Name | C1: Sign-in | D1: sign-out | E1: Hours done
A2: 1 | B2: ='Day (1)'!B2 -> 0 | E2: =MOD(D2-C2,1) -> 0 | H2: Step 1:click on the cell of sign-in in front of the Employee's name
A3: 2 | B3: ='Day (1)'!B3 -> 0 | E3: =MOD(D3-C3,1) -> 0 | H3: Step 2: Press ctrl+shift+;
A4: 3 | B4: ='Day (1)'!B4 -> 0 | E4: =MOD(D4-C4,1) -> 0 | H4: Strep 2: Do the same at the end of your shift in the Sign-out cell
A5: 4 | B5: ='Day (1)'!B5 -> 0 | E5: =MOD(D5-C5,1) -> 0 | H5: step 3: click on the "Hours Done" cell to finish the entry and see your completed hours for the day
A6: 5 | B6: ='Day (1)'!B6 -> 0 | E6: =MOD(D6-C6,1) -> 0
A7: 6 | B7: ='Day (1)'!B7 -> 0 | E7: =MOD(D7-C7,1) -> 0
A8: 7 | B8: ='Day (1)'!B8 -> 0 | E8: =MOD(D8-C8,1) -> 0
A9: 8 | B9: ='Day (1)'!B9 -> 0 | E9: =MOD(D9-C9,1) -> 0
A10: 9 | B10: ='Day (1)'!B10 -> 0 | E10: =MOD(D10-C10,1) -> 0
A11: 10 | B11: ='Day (1)'!B11 -> 0 | E11: =MOD(D11-C11,1) -> 0
A12: 11 | B12: ='Day (1)'!B12 -> 0 | E12: =MOD(D12-C12,1) -> 0
A13: 12 | B13: ='Day (1)'!B13 -> 0 | E13: =MOD(D13-C13,1) -> 0
A14: 13 | B14: ='Day (1)'!B14 -> 0 | E14: =MOD(D14-C14,1) -> 0
A15: 14 | B15: ='Day (1)'!B15 -> 0 | E15: =MOD(D15-C15,1) -> 0
A16: 15 | B16: ='Day (1)'!B16 -> 0 | E16: =MOD(D16-C16,1) -> 0

Sheet Day (21)
A1: S.no | B1: Employee Name | C1: Sign-in | D1: sign-out | E1: Hours done
A2: 1 | B2: ='Day (1)'!B2 -> 0 | E2: =MOD(D2-C2,1) -> 0 | H2: Step 1:click on the cell of sign-in in front of the Employee's name
A3: 2 | B3: ='Day (1)'!B3 -> 0 | E3: =MOD(D3-C3,1) -> 0 | H3: Step 2: Press ctrl+shift+;
A4: 3 | B4: ='Day (1)'!B4 -> 0 | E4: =MOD(D4-C4,1) -> 0 | H4: Strep 2: Do the same at the end of your shift in the Sign-out cell
A5: 4 | B5: ='Day (1)'!B5 -> 0 | E5: =MOD(D5-C5,1) -> 0 | H5: step 3: click on the "Hours Done" cell to finish the entry and see your completed hours for the day
A6: 5 | B6: ='Day (1)'!B6 -> 0 | E6: =MOD(D6-C6,1) -> 0
A7: 6 | B7: ='Day (1)'!B7 -> 0 | E7: =MOD(D7-C7,1) -> 0
A8: 7 | B8: ='Day (1)'!B8 -> 0 | E8: =MOD(D8-C8,1) -> 0
A9: 8 | B9: ='Day (1)'!B9 -> 0 | E9: =MOD(D9-C9,1) -> 0
A10: 9 | B10: ='Day (1)'!B10 -> 0 | E10: =MOD(D10-C10,1) -> 0
A11: 10 | B11: ='Day (1)'!B11 -> 0 | E11: =MOD(D11-C11,1) -> 0
A12: 11 | B12: ='Day (1)'!B12 -> 0 | E12: =MOD(D12-C12,1) -> 0
A13: 12 | B13: ='Day (1)'!B13 -> 0 | E13: =MOD(D13-C13,1) -> 0
A14: 13 | B14: ='Day (1)'!B14 -> 0 | E14: =MOD(D14-C14,1) -> 0
A15: 14 | B15: ='Day (1)'!B15 -> 0 | E15: =MOD(D15-C15,1) -> 0
A16: 15 | B16: ='Day (1)'!B16 -> 0 | E16: =MOD(D16-C16,1) -> 0

Sheet Day (22)
A1: S.no | B1: Employee Name | C1: Sign-in | D1: sign-out | E1: Hours done
A2: 1 | B2: ='Day (1)'!B2 -> 0 | E2: =MOD(D2-C2,1) -> 0 | H2: Step 1:click on the cell of sign-in in front of the Employee's name
A3: 2 | B3: ='Day (1)'!B3 -> 0 | E3: =MOD(D3-C3,1) -> 0 | H3: Step 2: Press ctrl+shift+;
A4: 3 | B4: ='Day (1)'!B4 -> 0 | E4: =MOD(D4-C4,1) -> 0 | H4: Strep 2: Do the same at the end of your shift in the Sign-out cell
A5: 4 | B5: ='Day (1)'!B5 -> 0 | E5: =MOD(D5-C5,1) -> 0 | H5: step 3: click on the "Hours Done" cell to finish the entry and see your completed hours for the day
A6: 5 | B6: ='Day (1)'!B6 -> 0 | E6: =MOD(D6-C6,1) -> 0
A7: 6 | B7: ='Day (1)'!B7 -> 0 | E7: =MOD(D7-C7,1) -> 0
A8: 7 | B8: ='Day (1)'!B8 -> 0 | E8: =MOD(D8-C8,1) -> 0
A9: 8 | B9: ='Day (1)'!B9 -> 0 | E9: =MOD(D9-C9,1) -> 0
A10: 9 | B10: ='Day (1)'!B10 -> 0 | E10: =MOD(D10-C10,1) -> 0
A11: 10 | B11: ='Day (1)'!B11 -> 0 | E11: =MOD(D11-C11,1) -> 0
A12: 11 | B12: ='Day (1)'!B12 -> 0 | E12: =MOD(D12-C12,1) -> 0
A13: 12 | B13: ='Day (1)'!B13 -> 0 | E13: =MOD(D13-C13,1) -> 0
A14: 13 | B14: ='Day (1)'!B14 -> 0 | E14: =MOD(D14-C14,1) -> 0
A15: 14 | B15: ='Day (1)'!B15 -> 0 | E15: =MOD(D15-C15,1) -> 0
A16: 15 | B16: ='Day (1)'!B16 -> 0 | E16: =MOD(D16-C16,1) -> 0

Sheet Day (23)
A1: S.no | B1: Employee Name | C1: Sign-in | D1: sign-out | E1: Hours done
A2: 1 | B2: ='Day (1)'!B2 -> 0 | E2: =MOD(D2-C2,1) -> 0 | H2: Step 1:click on the cell of sign-in in front of the Employee's name
A3: 2 | B3: ='Day (1)'!B3 -> 0 | E3: =MOD(D3-C3,1) -> 0 | H3: Step 2: Press ctrl+shift+;
A4: 3 | B4: ='Day (1)'!B4 -> 0 | E4: =MOD(D4-C4,1) -> 0 | H4: Strep 2: Do the same at the end of your shift in the Sign-out cell
A5: 4 | B5: ='Day (1)'!B5 -> 0 | E5: =MOD(D5-C5,1) -> 0 | H5: step 3: click on the "Hours Done" cell to finish the entry and see your completed hours for the day
A6: 5 | B6: ='Day (1)'!B6 -> 0 | E6: =MOD(D6-C6,1) -> 0
A7: 6 | B7: ='Day (1)'!B7 -> 0 | E7: =MOD(D7-C7,1) -> 0
A8: 7 | B8: ='Day (1)'!B8 -> 0 | E8: =MOD(D8-C8,1) -> 0
A9: 8 | B9: ='Day (1)'!B9 -> 0 | E9: =MOD(D9-C9,1) -> 0
A10: 9 | B10: ='Day (1)'!B10 -> 0 | E10: =MOD(D10-C10,1) -> 0
A11: 10 | B11: ='Day (1)'!B11 -> 0 | E11: =MOD(D11-C11,1) -> 0
A12: 11 | B12: ='Day (1)'!B12 -> 0 | E12: =MOD(D12-C12,1) -> 0
A13: 12 | B13: ='Day (1)'!B13 -> 0 | E13: =MOD(D13-C13,1) -> 0
A14: 13 | B14: ='Day (1)'!B14 -> 0 | E14: =MOD(D14-C14,1) -> 0
A15: 14 | B15: ='Day (1)'!B15 -> 0 | E15: =MOD(D15-C15,1) -> 0
A16: 15 | B16: ='Day (1)'!B16 -> 0 | E16: =MOD(D16-C16,1) -> 0

Sheet Day (24)
A1: S.no | B1: Employee Name | C1: Sign-in | D1: sign-out | E1: Hours done
A2: 1 | B2: ='Day (1)'!B2 -> 0 | E2: =MOD(D2-C2,1) -> 0 | H2: Step 1:click on the cell of sign-in in front of the Employee's name
A3: 2 | B3: ='Day (1)'!B3 -> 0 | E3: =MOD(D3-C3,1) -> 0 | H3: Step 2: Press ctrl+shift+;
A4: 3 | B4: ='Day (1)'!B4 -> 0 | E4: =MOD(D4-C4,1) -> 0 | H4: Strep 2: Do the same at the end of your shift in the Sign-out cell
A5: 4 | B5: ='Day (1)'!B5 -> 0 | E5: =MOD(D5-C5,1) -> 0 | H5: step 3: click on the "Hours Done" cell to finish the entry and see your completed hours for the day
A6: 5 | B6: ='Day (1)'!B6 -> 0 | E6: =MOD(D6-C6,1) -> 0
A7: 6 | B7: ='Day (1)'!B7 -> 0 | E7: =MOD(D7-C7,1) -> 0
A8: 7 | B8: ='Day (1)'!B8 -> 0 | E8: =MOD(D8-C8,1) -> 0
A9: 8 | B9: ='Day (1)'!B9 -> 0 | E9: =MOD(D9-C9,1) -> 0
A10: 9 | B10: ='Day (1)'!B10 -> 0 | E10: =MOD(D10-C10,1) -> 0
A11: 10 | B11: ='Day (1)'!B11 -> 0 | E11: =MOD(D11-C11,1) -> 0
A12: 11 | B12: ='Day (1)'!B12 -> 0 | E12: =MOD(D12-C12,1) -> 0
A13: 12 | B13: ='Day (1)'!B13 -> 0 | E13: =MOD(D13-C13,1) -> 0
A14: 13 | B14: ='Day (1)'!B14 -> 0 | E14: =MOD(D14-C14,1) -> 0
A15: 14 | B15: ='Day (1)'!B15 -> 0 | E15: =MOD(D15-C15,1) -> 0
A16: 15 | B16: ='Day (1)'!B16 -> 0 | E16: =MOD(D16-C16,1) -> 0

Sheet Day (25)
A1: S.no | B1: Employee Name | C1: Sign-in | D1: sign-out | E1: Hours done
A2: 1 | B2: ='Day (1)'!B2 -> 0 | E2: =MOD(D2-C2,1) -> 0 | H2: Step 1:click on the cell of sign-in in front of the Employee's name
A3: 2 | B3: ='Day (1)'!B3 -> 0 | E3: =MOD(D3-C3,1) -> 0 | H3: Step 2: Press ctrl+shift+;
A4: 3 | B4: ='Day (1)'!B4 -> 0 | E4: =MOD(D4-C4,1) -> 0 | H4: Strep 2: Do the same at the end of your shift in the Sign-out cell
A5: 4 | B5: ='Day (1)'!B5 -> 0 | E5: =MOD(D5-C5,1) -> 0 | H5: step 3: click on the "Hours Done" cell to finish the entry and see your completed hours for the day
A6: 5 | B6: ='Day (1)'!B6 -> 0 | E6: =MOD(D6-C6,1) -> 0
A7: 6 | B7: ='Day (1)'!B7 -> 0 | E7: =MOD(D7-C7,1) -> 0
A8: 7 | B8: ='Day (1)'!B8 -> 0 | E8: =MOD(D8-C8,1) -> 0
A9: 8 | B9: ='Day (1)'!B9 -> 0 | E9: =MOD(D9-C9,1) -> 0
A10: 9 | B10: ='Day (1)'!B10 -> 0 | E10: =MOD(D10-C10,1) -> 0
A11: 10 | B11: ='Day (1)'!B11 -> 0 | E11: =MOD(D11-C11,1) -> 0
A12: 11 | B12: ='Day (1)'!B12 -> 0 | E12: =MOD(D12-C12,1) -> 0
A13: 12 | B13: ='Day (1)'!B13 -> 0 | E13: =MOD(D13-C13,1) -> 0
A14: 13 | B14: ='Day (1)'!B14 -> 0 | E14: =MOD(D14-C14,1) -> 0
A15: 14 | B15: ='Day (1)'!B15 -> 0 | E15: =MOD(D15-C15,1) -> 0
A16: 15 | B16: ='Day (1)'!B16 -> 0 | E16: =MOD(D16-C16,1) -> 0

Sheet Day (26)
A1: S.no | B1: Employee Name | C1: Sign-in | D1: sign-out | E1: Hours done
A2: 1 | B2: ='Day (1)'!B2 -> 0 | E2: =MOD(D2-C2,1) -> 0 | H2: Step 1:click on the cell of sign-in in front of the Employee's name
A3: 2 | B3: ='Day (1)'!B3 -> 0 | E3: =MOD(D3-C3,1) -> 0 | H3: Step 2: Press ctrl+shift+;
A4: 3 | B4: ='Day (1)'!B4 -> 0 | E4: =MOD(D4-C4,1) -> 0 | H4: Strep 2: Do the same at the end of your shift in the Sign-out cell
A5: 4 | B5: ='Day (1)'!B5 -> 0 | E5: =MOD(D5-C5,1) -> 0 | H5: step 3: click on the "Hours Done" cell to finish the entry and see your completed hours for the day
A6: 5 | B6: ='Day (1)'!B6 -> 0 | E6: =MOD(D6-C6,1) -> 0
A7: 6 | B7: ='Day (1)'!B7 -> 0 | E7: =MOD(D7-C7,1) -> 0
A8: 7 | B8: ='Day (1)'!B8 -> 0 | E8: =MOD(D8-C8,1) -> 0
A9: 8 | B9: ='Day (1)'!B9 -> 0 | E9: =MOD(D9-C9,1) -> 0
A10: 9 | B10: ='Day (1)'!B10 -> 0 | E10: =MOD(D10-C10,1) -> 0
A11: 10 | B11: ='Day (1)'!B11 -> 0 | E11: =MOD(D11-C11,1) -> 0
A12: 11 | B12: ='Day (1)'!B12 -> 0 | E12: =MOD(D12-C12,1) -> 0
A13: 12 | B13: ='Day (1)'!B13 -> 0 | E13: =MOD(D13-C13,1) -> 0
A14: 13 | B14: ='Day (1)'!B14 -> 0 | E14: =MOD(D14-C14,1) -> 0
A15: 14 | B15: ='Day (1)'!B15 -> 0 | E15: =MOD(D15-C15,1) -> 0
A16: 15 | B16: ='Day (1)'!B16 -> 0 | E16: =MOD(D16-C16,1) -> 0

Sheet Day (27)
A1: S.no | B1: Employee Name | C1: Sign-in | D1: sign-out | E1: Hours done
A2: 1 | B2: ='Day (1)'!B2 -> 0 | E2: =MOD(D2-C2,1) -> 0 | H2: Step 1:click on the cell of sign-in in front of the Employee's name
A3: 2 | B3: ='Day (1)'!B3 -> 0 | E3: =MOD(D3-C3,1) -> 0 | H3: Step 2: Press ctrl+shift+;
A4: 3 | B4: ='Day (1)'!B4 -> 0 | E4: =MOD(D4-C4,1) -> 0 | H4: Strep 2: Do the same at the end of your shift in the Sign-out cell
A5: 4 | B5: ='Day (1)'!B5 -> 0 | E5: =MOD(D5-C5,1) -> 0 | H5: step 3: click on the "Hours Done" cell to finish the entry and see your completed hours for the day
A6: 5 | B6: ='Day (1)'!B6 -> 0 | E6: =MOD(D6-C6,1) -> 0
A7: 6 | B7: ='Day (1)'!B7 -> 0 | E7: =MOD(D7-C7,1) -> 0
A8: 7 | B8: ='Day (1)'!B8 -> 0 | E8: =MOD(D8-C8,1) -> 0
A9: 8 | B9: ='Day (1)'!B9 -> 0 | E9: =MOD(D9-C9,1) -> 0
A10: 9 | B10: ='Day (1)'!B10 -> 0 | E10: =MOD(D10-C10,1) -> 0
A11: 10 | B11: ='Day (1)'!B11 -> 0 | E11: =MOD(D11-C11,1) -> 0
A12: 11 | B12: ='Day (1)'!B12 -> 0 | E12: =MOD(D12-C12,1) -> 0
A13: 12 | B13: ='Day (1)'!B13 -> 0 | E13: =MOD(D13-C13,1) -> 0
A14: 13 | B14: ='Day (1)'!B14 -> 0 | E14: =MOD(D14-C14,1) -> 0
A15: 14 | B15: ='Day (1)'!B15 -> 0 | E15: =MOD(D15-C15,1) -> 0
A16: 15 | B16: ='Day (1)'!B16 -> 0 | E16: =MOD(D16-C16,1) -> 0

Sheet Day (28)
A1: S.no | B1: Employee Name | C1: Sign-in | D1: sign-out | E1: Hours done
A2: 1 | B2: ='Day (1)'!B2 -> 0 | E2: =MOD(D2-C2,1) -> 0 | H2: Step 1:click on the cell of sign-in in front of the Employee's name
A3: 2 | B3: ='Day (1)'!B3 -> 0 | E3: =MOD(D3-C3,1) -> 0 | H3: Step 2: Press ctrl+shift+;
A4: 3 | B4: ='Day (1)'!B4 -> 0 | E4: =MOD(D4-C4,1) -> 0 | H4: Strep 2: Do the same at the end of your shift in the Sign-out cell
A5: 4 | B5: ='Day (1)'!B5 -> 0 | E5: =MOD(D5-C5,1) -> 0 | H5: step 3: click on the "Hours Done" cell to finish the entry and see your completed hours for the day
A6: 5 | B6: ='Day (1)'!B6 -> 0 | E6: =MOD(D6-C6,1) -> 0
A7: 6 | B7: ='Day (1)'!B7 -> 0 | E7: =MOD(D7-C7,1) -> 0
A8: 7 | B8: ='Day (1)'!B8 -> 0 | E8: =MOD(D8-C8,1) -> 0
A9: 8 | B9: ='Day (1)'!B9 -> 0 | E9: =MOD(D9-C9,1) -> 0
A10: 9 | B10: ='Day (1)'!B10 -> 0 | E10: =MOD(D10-C10,1) -> 0
A11: 10 | B11: ='Day (1)'!B11 -> 0 | E11: =MOD(D11-C11,1) -> 0
A12: 11 | B12: ='Day (1)'!B12 -> 0 | E12: =MOD(D12-C12,1) -> 0
A13: 12 | B13: ='Day (1)'!B13 -> 0 | E13: =MOD(D13-C13,1) -> 0
A14: 13 | B14: ='Day (1)'!B14 -> 0 | E14: =MOD(D14-C14,1) -> 0
A15: 14 | B15: ='Day (1)'!B15 -> 0 | E15: =MOD(D15-C15,1) -> 0
A16: 15 | B16: ='Day (1)'!B16 -> 0 | E16: =MOD(D16-C16,1) -> 0

Sheet Day (29)
A1: S.no | B1: Employee Name | C1: Sign-in | D1: sign-out | E1: Hours done
A2: 1 | B2: ='Day (1)'!B2 -> 0 | E2: =MOD(D2-C2,1) -> 0 | H2: Step 1:click on the cell of sign-in in front of the Employee's name
A3: 2 | B3: ='Day (1)'!B3 -> 0 | E3: =MOD(D3-C3,1) -> 0 | H3: Step 2: Press ctrl+shift+;
A4: 3 | B4: ='Day (1)'!B4 -> 0 | E4: =MOD(D4-C4,1) -> 0 | H4: Strep 2: Do the same at the end of your shift in the Sign-out cell
A5: 4 | B5: ='Day (1)'!B5 -> 0 | E5: =MOD(D5-C5,1) -> 0 | H5: step 3: click on the "Hours Done" cell to finish the entry and see your completed hours for the day
A6: 5 | B6: ='Day (1)'!B6 -> 0 | E6: =MOD(D6-C6,1) -> 0
A7: 6 | B7: ='Day (1)'!B7 -> 0 | E7: =MOD(D7-C7,1) -> 0
A8: 7 | B8: ='Day (1)'!B8 -> 0 | E8: =MOD(D8-C8,1) -> 0
A9: 8 | B9: ='Day (1)'!B9 -> 0 | E9: =MOD(D9-C9,1) -> 0
A10: 9 | B10: ='Day (1)'!B10 -> 0 | E10: =MOD(D10-C10,1) -> 0
A11: 10 | B11: ='Day (1)'!B11 -> 0 | E11: =MOD(D11-C11,1) -> 0
A12: 11 | B12: ='Day (1)'!B12 -> 0 | E12: =MOD(D12-C12,1) -> 0
A13: 12 | B13: ='Day (1)'!B13 -> 0 | E13: =MOD(D13-C13,1) -> 0
A14: 13 | B14: ='Day (1)'!B14 -> 0 | E14: =MOD(D14-C14,1) -> 0
A15: 14 | B15: ='Day (1)'!B15 -> 0 | E15: =MOD(D15-C15,1) -> 0
A16: 15 | B16: ='Day (1)'!B16 -> 0 | E16: =MOD(D16-C16,1) -> 0

Sheet Day (30)
A1: S.no | B1: Employee Name | C1: Sign-in | D1: sign-out | E1: Hours done
A2: 1 | B2: ='Day (1)'!B2 -> 0 | E2: =MOD(D2-C2,1) -> 0 | H2: Step 1:click on the cell of sign-in in front of the Employee's name
A3: 2 | B3: ='Day (1)'!B3 -> 0 | E3: =MOD(D3-C3,1) -> 0 | H3: Step 2: Press ctrl+shift+;
A4: 3 | B4: ='Day (1)'!B4 -> 0 | E4: =MOD(D4-C4,1) -> 0 | H4: Strep 2: Do the same at the end of your shift in the Sign-out cell
A5: 4 | B5: ='Day (1)'!B5 -> 0 | E5: =MOD(D5-C5,1) -> 0 | H5: step 3: click on the "Hours Done" cell to finish the entry and see your completed hours for the day
A6: 5 | B6: ='Day (1)'!B6 -> 0 | E6: =MOD(D6-C6,1) -> 0
A7: 6 | B7: ='Day (1)'!B7 -> 0 | E7: =MOD(D7-C7,1) -> 0
A8: 7 | B8: ='Day (1)'!B8 -> 0 | E8: =MOD(D8-C8,1) -> 0
A9: 8 | B9: ='Day (1)'!B9 -> 0 | E9: =MOD(D9-C9,1) -> 0
A10: 9 | B10: ='Day (1)'!B10 -> 0 | E10: =MOD(D10-C10,1) -> 0
A11: 10 | B11: ='Day (1)'!B11 -> 0 | E11: =MOD(D11-C11,1) -> 0
A12: 11 | B12: ='Day (1)'!B12 -> 0 | E12: =MOD(D12-C12,1) -> 0
A13: 12 | B13: ='Day (1)'!B13 -> 0 | E13: =MOD(D13-C13,1) -> 0
A14: 13 | B14: ='Day (1)'!B14 -> 0 | E14: =MOD(D14-C14,1) -> 0
A15: 14 | B15: ='Day (1)'!B15 -> 0 | E15: =MOD(D15-C15,1) -> 0
A16: 15 | B16: ='Day (1)'!B16 -> 0 | E16: =MOD(D16-C16,1) -> 0

Sheet Day (31)
A1: S.no | B1: Employee Name | C1: Sign-in | D1: sign-out | E1: Hours done
A2: 1 | B2: ='Day (1)'!B2 -> 0 | E2: =MOD(D2-C2,1) -> 0 | H2: Step 1:click on the cell of sign-in in front of the Employee's name
A3: 2 | B3: ='Day (1)'!B3 -> 0 | E3: =MOD(D3-C3,1) -> 0 | H3: Step 2: Press ctrl+shift+;
A4: 3 | B4: ='Day (1)'!B4 -> 0 | E4: =MOD(D4-C4,1) -> 0 | H4: Strep 2: Do the same at the end of your shift in the Sign-out cell
A5: 4 | B5: ='Day (1)'!B5 -> 0 | E5: =MOD(D5-C5,1) -> 0 | H5: step 3: click on the "Hours Done" cell to finish the entry and see your completed hours for the day
A6: 5 | B6: ='Day (1)'!B6 -> 0 | E6: =MOD(D6-C6,1) -> 0
A7: 6 | B7: ='Day (1)'!B7 -> 0 | E7: =MOD(D7-C7,1) -> 0
A8: 7 | B8: ='Day (1)'!B8 -> 0 | E8: =MOD(D8-C8,1) -> 0
A9: 8 | B9: ='Day (1)'!B9 -> 0 | E9: =MOD(D9-C9,1) -> 0
A10: 9 | B10: ='Day (1)'!B10 -> 0 | E10: =MOD(D10-C10,1) -> 0
A11: 10 | B11: ='Day (1)'!B11 -> 0 | E11: =MOD(D11-C11,1) -> 0
A12: 11 | B12: ='Day (1)'!B12 -> 0 | E12: =MOD(D12-C12,1) -> 0
A13: 12 | B13: ='Day (1)'!B13 -> 0 | E13: =MOD(D13-C13,1) -> 0
A14: 13 | B14: ='Day (1)'!B14 -> 0 | E14: =MOD(D14-C14,1) -> 0
A15: 14 | B15: ='Day (1)'!B15 -> 0 | E15: =MOD(D15-C15,1) -> 0
A16: 15 | B16: ='Day (1)'!B16 -> 0 | E16: =MOD(D16-C16,1) -> 0

Sheet Total work done
A1: S.no | B1: Employee Name | C1: Total Hours
A2: 1 | B2: ='Day (1)'!B2 -> 0 | C2: ='Day (31)'!E2+'Day (30)'!E2+'Day (29)'!E2+'Day (28)'!E2+'Day (27)'!E2+'Day (26)'!E2+'Day (25)'!E2+'Day (24)'!E2+'Day (23)'!E2+'Day (22)'!E2+'Day (21)'!E2+'Day (20)'!E2+'Day (19)'!E2+'Day (18)'!E2+'Day (17)'!E2+'Day (16)'!E2+'Day (15)'!E2+'Day (14)'!E2+'Day (13)'!E2+'Day (12)'!E2+'Day (11)'!E2+'Day (10)'!E2+'Day (9)'!E2+'Day (8)'!E2+'Day (7)'!E2+'Day (6)'!E2+'Day (5)'!E2+'Day (4)'!E2+'Day (3)'!E2+'Day (2)'!E2+'Day (1)'!E2 -> 0 | F2: Step 1:click on the cell of sign-in in front of the Employee's name
A3: 2 | B3: ='Day (1)'!B3 -> 0 | C3: ='Day (31)'!E3+'Day (30)'!E3+'Day (29)'!E3+'Day (28)'!E3+'Day (27)'!E3+'Day (26)'!E3+'Day (25)'!E3+'Day (24)'!E3+'Day (23)'!E3+'Day (22)'!E3+'Day (21)'!E3+'Day (20)'!E3+'Day (19)'!E3+'Day (18)'!E3+'Day (17)'!E3+'Day (16)'!E3+'Day (15)'!E3+'Day (14)'!E3+'Day (13)'!E3+'Day (12)'!E3+'Day (11)'!E3+'Day (10)'!E3+'Day (9)'!E3+'Day (8)'!E3+'Day (7)'!E3+'Day (6)'!E3+'Day (5)'!E3+'Day (4)'!E3+'Day (3)'!E3+'Day (2)'!E3+'Day (1)'!E3 -> 0 | F3: Step 2: Press ctrl+shift+;
A4: 3 | B4: ='Day (1)'!B4 -> 0 | C4: ='Day (31)'!E4+'Day (30)'!E4+'Day (29)'!E4+'Day (28)'!E4+'Day (27)'!E4+'Day (26)'!E4+'Day (25)'!E4+'Day (24)'!E4+'Day (23)'!E4+'Day (22)'!E4+'Day (21)'!E4+'Day (20)'!E4+'Day (19)'!E4+'Day (18)'!E4+'Day (17)'!E4+'Day (16)'!E4+'Day (15)'!E4+'Day (14)'!E4+'Day (13)'!E4+'Day (12)'!E4+'Day (11)'!E4+'Day (10)'!E4+'Day (9)'!E4+'Day (8)'!E4+'Day (7)'!E4+'Day (6)'!E4+'Day (5)'!E4+'Day (4)'!E4+'Day (3)'!E4+'Day (2)'!E4+'Day (1)'!E4 -> 0 | F4: Strep 2: Do the same at the end of your shift in the Sign-out cell
A5: 4 | B5: ='Day (1)'!B5 -> 0 | C5: ='Day (31)'!E5+'Day (30)'!E5+'Day (29)'!E5+'Day (28)'!E5+'Day (27)'!E5+'Day (26)'!E5+'Day (25)'!E5+'Day (24)'!E5+'Day (23)'!E5+'Day (22)'!E5+'Day (21)'!E5+'Day (20)'!E5+'Day (19)'!E5+'Day (18)'!E5+'Day (17)'!E5+'Day (16)'!E5+'Day (15)'!E5+'Day (14)'!E5+'Day (13)'!E5+'Day (12)'!E5+'Day (11)'!E5+'Day (10)'!E5+'Day (9)'!E5+'Day (8)'!E5+'Day (7)'!E5+'Day (6)'!E5+'Day (5)'!E5+'Day (4)'!E5+'Day (3)'!E5+'Day (2)'!E5+'Day (1)'!E5 -> 0 | F5: step 3: click on the "Hours Done" cell to finish the entry and see your completed hours for the day
A6: 5 | B6: ='Day (1)'!B6 -> 0 | C6: ='Day (31)'!E6+'Day (30)'!E6+'Day (29)'!E6+'Day (28)'!E6+'Day (27)'!E6+'Day (26)'!E6+'Day (25)'!E6+'Day (24)'!E6+'Day (23)'!E6+'Day (22)'!E6+'Day (21)'!E6+'Day (20)'!E6+'Day (19)'!E6+'Day (18)'!E6+'Day (17)'!E6+'Day (16)'!E6+'Day (15)'!E6+'Day (14)'!E6+'Day (13)'!E6+'Day (12)'!E6+'Day (11)'!E6+'Day (10)'!E6+'Day (9)'!E6+'Day (8)'!E6+'Day (7)'!E6+'Day (6)'!E6+'Day (5)'!E6+'Day (4)'!E6+'Day (3)'!E6+'Day (2)'!E6+'Day (1)'!E6 -> 0
A7: 6 | B7: ='Day (1)'!B7 -> 0 | C7: ='Day (31)'!E7+'Day (30)'!E7+'Day (29)'!E7+'Day (28)'!E7+'Day (27)'!E7+'Day (26)'!E7+'Day (25)'!E7+'Day (24)'!E7+'Day (23)'!E7+'Day (22)'!E7+'Day (21)'!E7+'Day (20)'!E7+'Day (19)'!E7+'Day (18)'!E7+'Day (17)'!E7+'Day (16)'!E7+'Day (15)'!E7+'Day (14)'!E7+'Day (13)'!E7+'Day (12)'!E7+'Day (11)'!E7+'Day (10)'!E7+'Day (9)'!E7+'Day (8)'!E7+'Day (7)'!E7+'Day (6)'!E7+'Day (5)'!E7+'Day (4)'!E7+'Day (3)'!E7+'Day (2)'!E7+'Day (1)'!E7 -> 0
A8: 7 | B8: ='Day (1)'!B8 -> 0 | C8: ='Day (31)'!E8+'Day (30)'!E8+'Day (29)'!E8+'Day (28)'!E8+'Day (27)'!E8+'Day (26)'!E8+'Day (25)'!E8+'Day (24)'!E8+'Day (23)'!E8+'Day (22)'!E8+'Day (21)'!E8+'Day (20)'!E8+'Day (19)'!E8+'Day (18)'!E8+'Day (17)'!E8+'Day (16)'!E8+'Day (15)'!E8+'Day (14)'!E8+'Day (13)'!E8+'Day (12)'!E8+'Day (11)'!E8+'Day (10)'!E8+'Day (9)'!E8+'Day (8)'!E8+'Day (7)'!E8+'Day (6)'!E8+'Day (5)'!E8+'Day (4)'!E8+'Day (3)'!E8+'Day (2)'!E8+'Day (1)'!E8 -> 0 | F8: Note: The Names will be automatically added to All the sheets when they are added to the First Sheet.
A9: 8 | B9: ='Day (1)'!B9 -> 0 | C9: ='Day (31)'!E9+'Day (30)'!E9+'Day (29)'!E9+'Day (28)'!E9+'Day (27)'!E9+'Day (26)'!E9+'Day (25)'!E9+'Day (24)'!E9+'Day (23)'!E9+'Day (22)'!E9+'Day (21)'!E9+'Day (20)'!E9+'Day (19)'!E9+'Day (18)'!E9+'Day (17)'!E9+'Day (16)'!E9+'Day (15)'!E9+'Day (14)'!E9+'Day (13)'!E9+'Day (12)'!E9+'Day (11)'!E9+'Day (10)'!E9+'Day (9)'!E9+'Day (8)'!E9+'Day (7)'!E9+'Day (6)'!E9+'Day (5)'!E9+'Day (4)'!E9+'Day (3)'!E9+'Day (2)'!E9+'Day (1)'!E9 -> 0 | F9: Everyday will be a new worksheet as numbered. so, 2nd of may will be Second sheet in the workbook
A10: 9 | B10: ='Day (1)'!B10 -> 0 | C10: ='Day (31)'!E10+'Day (30)'!E10+'Day (29)'!E10+'Day (28)'!E10+'Day (27)'!E10+'Day (26)'!E10+'Day (25)'!E10+'Day (24)'!E10+'Day (23)'!E10+'Day (22)'!E10+'Day (21)'!E10+'Day (20)'!E10+'Day (19)'!E10+'Day (18)'!E10+'Day (17)'!E10+'Day (16)'!E10+'Day (15)'!E10+'Day (14)'!E10+'Day (13)'!E10+'Day (12)'!E10+'Day (11)'!E10+'Day (10)'!E10+'Day (9)'!E10+'Day (8)'!E10+'Day (7)'!E10+'Day (6)'!E10+'Day (5)'!E10+'Day (4)'!E10+'Day (3)'!E10+'Day (2)'!E10+'Day (1)'!E10 -> 0 | F10: So that makes every month a new workbook.
A11: 10 | B11: ='Day (1)'!B11 -> 0 | C11: ='Day (31)'!E11+'Day (30)'!E11+'Day (29)'!E11+'Day (28)'!E11+'Day (27)'!E11+'Day (26)'!E11+'Day (25)'!E11+'Day (24)'!E11+'Day (23)'!E11+'Day (22)'!E11+'Day (21)'!E11+'Day (20)'!E11+'Day (19)'!E11+'Day (18)'!E11+'Day (17)'!E11+'Day (16)'!E11+'Day (15)'!E11+'Day (14)'!E11+'Day (13)'!E11+'Day (12)'!E11+'Day (11)'!E11+'Day (10)'!E11+'Day (9)'!E11+'Day (8)'!E11+'Day (7)'!E11+'Day (6)'!E11+'Day (5)'!E11+'Day (4)'!E11+'Day (3)'!E11+'Day (2)'!E11+'Day (1)'!E11 -> 0
A12: 11 | B12: ='Day (1)'!B12 -> 0 | C12: ='Day (31)'!E12+'Day (30)'!E12+'Day (29)'!E12+'Day (28)'!E12+'Day (27)'!E12+'Day (26)'!E12+'Day (25)'!E12+'Day (24)'!E12+'Day (23)'!E12+'Day (22)'!E12+'Day (21)'!E12+'Day (20)'!E12+'Day (19)'!E12+'Day (18)'!E12+'Day (17)'!E12+'Day (16)'!E12+'Day (15)'!E12+'Day (14)'!E12+'Day (13)'!E12+'Day (12)'!E12+'Day (11)'!E12+'Day (10)'!E12+'Day (9)'!E12+'Day (8)'!E12+'Day (7)'!E12+'Day (6)'!E12+'Day (5)'!E12+'Day (4)'!E12+'Day (3)'!E12+'Day (2)'!E12+'Day (1)'!E12 -> 0
A13: 12 | B13: ='Day (1)'!B13 -> 0 | C13: ='Day (31)'!E13+'Day (30)'!E13+'Day (29)'!E13+'Day (28)'!E13+'Day (27)'!E13+'Day (26)'!E13+'Day (25)'!E13+'Day (24)'!E13+'Day (23)'!E13+'Day (22)'!E13+'Day (21)'!E13+'Day (20)'!E13+'Day (19)'!E13+'Day (18)'!E13+'Day (17)'!E13+'Day (16)'!E13+'Day (15)'!E13+'Day (14)'!E13+'Day (13)'!E13+'Day (12)'!E13+'Day (11)'!E13+'Day (10)'!E13+'Day (9)'!E13+'Day (8)'!E13+'Day (7)'!E13+'Day (6)'!E13+'Day (5)'!E13+'Day (4)'!E13+'Day (3)'!E13+'Day (2)'!E13+'Day (1)'!E13 -> 0
A14: 13 | B14: ='Day (1)'!B14 -> 0 | C14: ='Day (31)'!E14+'Day (30)'!E14+'Day (29)'!E14+'Day (28)'!E14+'Day (27)'!E14+'Day (26)'!E14+'Day (25)'!E14+'Day (24)'!E14+'Day (23)'!E14+'Day (22)'!E14+'Day (21)'!E14+'Day (20)'!E14+'Day (19)'!E14+'Day (18)'!E14+'Day (17)'!E14+'Day (16)'!E14+'Day (15)'!E14+'Day (14)'!E14+'Day (13)'!E14+'Day (12)'!E14+'Day (11)'!E14+'Day (10)'!E14+'Day (9)'!E14+'Day (8)'!E14+'Day (7)'!E14+'Day (6)'!E14+'Day (5)'!E14+'Day (4)'!E14+'Day (3)'!E14+'Day (2)'!E14+'Day (1)'!E14 -> 0
A15: 14 | B15: ='Day (1)'!B15 -> 0 | C15: ='Day (31)'!E15+'Day (30)'!E15+'Day (29)'!E15+'Day (28)'!E15+'Day (27)'!E15+'Day (26)'!E15+'Day (25)'!E15+'Day (24)'!E15+'Day (23)'!E15+'Day (22)'!E15+'Day (21)'!E15+'Day (20)'!E15+'Day (19)'!E15+'Day (18)'!E15+'Day (17)'!E15+'Day (16)'!E15+'Day (15)'!E15+'Day (14)'!E15+'Day (13)'!E15+'Day (12)'!E15+'Day (11)'!E15+'Day (10)'!E15+'Day (9)'!E15+'Day (8)'!E15+'Day (7)'!E15+'Day (6)'!E15+'Day (5)'!E15+'Day (4)'!E15+'Day (3)'!E15+'Day (2)'!E15+'Day (1)'!E15 -> 0
A16: 15 | B16: ='Day (1)'!B16 -> 0 | C16: ='Day (31)'!E16+'Day (30)'!E16+'Day (29)'!E16+'Day (28)'!E16+'Day (27)'!E16+'Day (26)'!E16+'Day (25)'!E16+'Day (24)'!E16+'Day (23)'!E16+'Day (22)'!E16+'Day (21)'!E16+'Day (20)'!E16+'Day (19)'!E16+'Day (18)'!E16+'Day (17)'!E16+'Day (16)'!E16+'Day (15)'!E16+'Day (14)'!E16+'Day (13)'!E16+'Day (12)'!E16+'Day (11)'!E16+'Day (10)'!E16+'Day (9)'!E16+'Day (8)'!E16+'Day (7)'!E16+'Day (6)'!E16+'Day (5)'!E16+'Day (4)'!E16+'Day (3)'!E16+'Day (2)'!E16+'Day (1)'!E16 -> 0
